<keymap version="1" name="KnightHat" parent="Eclipse">
  <action id="NewDirectoryProject">
    <keyboard-shortcut first-keystroke="shift ctrl n" />
  </action>
  <action id="NewPythonFile">
    <keyboard-shortcut first-keystroke="alt p" />
  </action>
  <action id="NewScratchFile">
    <keyboard-shortcut first-keystroke="shift ctrl alt insert" />
    <keyboard-shortcut first-keystroke="shift alt f" />
  </action>
  <action id="OpenFile">
    <keyboard-shortcut first-keystroke="shift ctrl alt o" />
  </action>
</keymap>